<?xml version = "1.0" encoding = "utf-8"?>
<!DOCTYPE hibernate-configuration SYSTEM 
"http://www.hibernate.org/dtd/hibernate-configuration-3.0.dtd">
<hibernate-configuration>
	<session-factory>

		<property name="hibernate.dialect">
			org.hibernate.dialect.MySQL8Dialect
		</property>

		<property name="hibernate.connection.driver_class">
			com.mysql.cj.jdbc.Driver
		</property>

		<!-- Assume test is the database name -->

		<!-- <property name = "hibernate.connection.url"> jdbc:mysql://localhost:3306/user_data 
			</property>  -->

		<property name="hibernate.connection.url">
			jdbc:mysql://localhost:3306/user_data
		</property>


		<property name="hibernate.connection.username">
			root
		</property>

		<property name="hibernate.connection.password">
			root
		</property>

		<property name="hbm2ddl.auto">create</property>
		<property name="show_sql">true</property>
		<mapping class="com.training.nagarro.advancedJava3.model.User"/>
		<mapping class="com.training.nagarro.advancedJava3.model.Product"/>
	</session-factory>
</hibernate-configuration>